Brand,Model,Type,Cell tech,Pmax_STC_W,Voc_V,Vmp_V,Imp_A,Isc_A,TempCoeff_Pmax_%/C,TempCoeff_Voc_%/C,TempCoeff_Isc_%/C,Max_system_voltage_V,Max_series_fuse_A,Dimensions_mm,Weight_kg,Notes,Primary_source,Popularity_rank_ecoflow_community,Popularity_top10_ecoflow_community,Popularity_evidence,Voc_temp_coeff_missing,Voc_0C_V,Voc_-20C_V,Voc_-25C_V,EcoFlow_compatibility,Voc_safety_basis,Voc_safety_V,MaxSeries_60V,Headroom_60V_V,SinglePanelMargin_60V_V,MaxSeries_150V,Headroom_150V_V,SinglePanelMargin_150V_V,MaxSeries_450V,Headroom_450V_V,SinglePanelMargin_450V_V,MaxSeries_500V,Headroom_500V_V,SinglePanelMargin_500V_V,MinSeries_for_80Vmp,MinSeries_Vmp_total_V,MinSeries_Voc_total_V,SeriesRange_DPU_High_450V,SeriesRange_DPUX_High_500V,MinSeries_fits_450V,MinSeries_fits_500V
Aptos Solar,DNA-144-BF10-550W-DG,"Bifacial, dual-glass",Monocrystalline split-cell (PERC per datasheet),550,49.8,41.95,13.11,13.99,-0.39,-0.3,0.06,1500.0,30.0,2278×1134×35,32.29577674471452,"Popular US distributor brand; note higher (worse) Pmax temp coefficient vs TOPCon options.; EcoFlow match: Imp 13.11A vs 15A limit; STC series limit ~9S (DPU 450V), ~10S (DPU‑X 500V).",Signature Solar product page; Aptos DNA-144 BF10 datasheet,,0.0,,False,53.535,56.523,57.26999999999999,D3 Max 11–60V/13A: YES (current clip likely) | D2/D2 Max 11–60V/15A: YES | D3 Ultra+ 11–60V/18A: YES | DP3 LV 11–60V/20A: YES | Delta Pro 11–150V/15A: YES | DP3 HV 30–150V/15A: YES | DPU Low 30–150V/15A: YES | DPU High 80–450V/15A: needs ≥2S (max 7S) | DPU‑X High 80–500V/15A: needs ≥2S (max 8S),Voc@-25C,57.26999999999999,1,2.730000000000011,2.730000000000011,2,35.46000000000002,92.73000000000002,7,49.11000000000007,392.73,8,41.84000000000009,442.73,2,83.9,114.53999999999998,2S–7S,2S–8S,1.0,1.0
Axitec,AC-550MBT/144US (AXIworldbipremium XXL HC MT 550W bin),"Bifacial (bifaciality 70%±10%), glass/front + backsheet film","Monocrystalline, half-cut (144)",550,50.2,41.9,13.13,13.89,-0.35,-0.29,0.048,1500.0,,2278×1134×35,28.0,US page links to 530–555W family datasheet; values are for 550W bin.,Axitec 530–555W AXIworldbipremium XXL HC MT datasheet PDF,,0.0,,False,53.8395,56.75110000000001,57.479000000000006,D3 Max 11–60V/13A: YES (current clip likely) | D2/D2 Max 11–60V/15A: YES | D3 Ultra+ 11–60V/18A: YES | DP3 LV 11–60V/20A: YES | Delta Pro 11–150V/15A: YES | DP3 HV 30–150V/15A: YES | DPU Low 30–150V/15A: YES | DPU High 80–450V/15A: needs ≥2S (max 7S) | DPU‑X High 80–500V/15A: needs ≥2S (max 8S),Voc@-25C,57.479000000000006,1,2.5209999999999937,2.5209999999999937,2,35.04199999999999,92.52099999999999,7,47.646999999999935,392.521,8,40.16799999999995,442.521,2,83.8,114.95800000000001,2S–7S,2S–8S,1.0,1.0
Axitec,AC-580TGB/144TS (AXIbiperfect GXXL TS 580W bin),"Bifacial, glass/glass","N-type TOPCon, half-cut (144)",580,52.82,44.47,13.04,13.62,-0.31,-0.26,0.046,1500.0,,2278×1134×30,31.2,Datasheet lists family 565–580W; values are for 580W bin.,Axitec 565–580W AXIbiperfect GXXL TS datasheet PDF,,0.0,,False,56.2533,58.99994,59.68659999999999,D3 Max 11–60V/13A: YES (current clip likely) | D2/D2 Max 11–60V/15A: YES | D3 Ultra+ 11–60V/18A: YES | DP3 LV 11–60V/20A: YES | Delta Pro 11–150V/15A: YES | DP3 HV 30–150V/15A: YES | DPU Low 30–150V/15A: YES | DPU High 80–450V/15A: needs ≥2S (max 7S) | DPU‑X High 80–500V/15A: needs ≥2S (max 8S),Voc@-25C,59.68659999999999,1,0.31340000000000856,0.31340000000000856,2,30.626800000000017,90.3134,7,32.19380000000007,390.3134,8,22.50720000000007,440.3134,2,88.94,119.37319999999998,2S–7S,2S–8S,1.0,1.0
Canadian Solar,"CS6.1-54TM-450H (TOPHiKu6, All-Black)",Monofacial (all-black) / some variants bifacial; this SKU appears monofacial,N-type TOPCon,450,38.9,33.0,13.66,14.55,-0.29,-0.25,0.05,1500.0,25.0,1800×1134×30,23.0,Single module stays within 60V Voc; Isc 14.55A (OK for Delta 2 / Delta 2 Max; exceeds Delta 3 Max 13A limit).,Canadian Solar datasheet via US Solar Supplier,,,,False,41.33125,43.27625,43.7625,D3 Max 11–60V/13A: YES (current clip likely) | D2/D2 Max 11–60V/15A: YES | D3 Ultra+ 11–60V/18A: YES | DP3 LV 11–60V/20A: YES | Delta Pro 11–150V/15A: YES | DP3 HV 30–150V/15A: YES | DPU Low 30–150V/15A: YES | DPU High 80–450V/15A: needs ≥3S (max 10S) | DPU‑X High 80–500V/15A: needs ≥3S (max 11S),Voc@-25C,43.7625,1,16.237499999999997,16.237499999999997,3,18.712499999999977,106.2375,10,12.375,406.2375,11,18.612499999999955,456.2375,3,99.0,131.28750000000002,3S–10S,3S–11S,1.0,1.0
Canadian Solar,CS6R-395MS-HL,"Monofacial, glass/backsheet (all-black)","Mono-crystalline, 108 half-cut (2×(9×6))",395,36.6,30.6,12.91,13.77,-0.34,-0.26,0.05,1500.0,25.0,1722×1134×35,22.4,Updated to match CSI Solar HiKu6 CS6R-MS-HL datasheet (STC bin 395W).,CSI Solar HiKu6 CS6R-MS-HL (All-Black) datasheet PDF (Mar 2023).,7.0,1.0,Seen in EcoFlow user threads as a common third‑party rigid panel paired with EcoFlow units.,False,38.979,40.882200000000005,41.358,D3 Max 11–60V/13A: YES | D2/D2 Max 11–60V/15A: YES | D3 Ultra+ 11–60V/18A: YES | DP3 LV 11–60V/20A: YES | Delta Pro 11–150V/15A: YES | DP3 HV 30–150V/15A: YES | DPU Low 30–150V/15A: YES | DPU High 80–450V/15A: needs ≥3S (max 10S) | DPU‑X High 80–500V/15A: needs ≥3S (max 12S),Voc@-25C,41.358,1,18.642000000000003,18.642000000000003,3,25.926000000000016,108.642,10,36.420000000000016,408.642,12,3.7040000000000646,458.642,3,91.80000000000001,124.07399999999998,3S–10S,3S–12S,1.0,1.0
Canadian Solar (CSI Solar),CS6.1-54TM-465H (TOPHiKu6 All-Black),Monofacial (all-black),"N-type TOPCon cells, 108 [2×(9×6)]",465,39.5,33.6,13.85,14.77,-0.29,-0.25,0.05,1500.0,25.0,1800×1134×35,23.0,"Premium residential/commercial module; all-black aesthetic; assembled in USA from imported components (datasheet).; EcoFlow match: Imp 13.85A vs 15A limit; STC series limit ~11S (DPU 450V), ~12S (DPU‑X 500V).",Signature Solar product page; Canadian Solar TOPHiKu6 datasheet,,0.0,,False,41.96875,43.94375,44.4375,D3 Max 11–60V/13A: YES (current clip likely) | D2/D2 Max 11–60V/15A: YES | D3 Ultra+ 11–60V/18A: YES | DP3 LV 11–60V/20A: YES | Delta Pro 11–150V/15A: YES | DP3 HV 30–150V/15A: YES | DPU Low 30–150V/15A: YES | DPU High 80–450V/15A: needs ≥3S (max 10S) | DPU‑X High 80–500V/15A: needs ≥3S (max 11S),Voc@-25C,44.4375,1,15.5625,15.5625,3,16.6875,105.5625,10,5.625,405.5625,11,11.1875,455.5625,3,100.80000000000001,133.3125,3S–10S,3S–11S,1.0,1.0
Canadian Solar (CSI Solar),CS7N-695TB-AG (TOPBiHiKu7),"Bifacial (TOPCon), likely glass/glass","N-type TOPCon cells, 132 [2×(11×6)]",695,47.7,39.8,17.47,18.44,-0.29,-0.25,0.05,1500.0,35.0,2384×1303×33,37.8,"Very high current module; on EcoFlow 15A ports expect significant current clipping (still within typical Isc tolerances).; EcoFlow match: Imp 17.47A slightly >15A limit (expect minor current clipping); STC series limit ~9S (DPU 450V), ~10S (DPU‑X 500V).",Signature Solar product page; Canadian Solar TOPBiHiKu7 datasheet,,0.0,,False,50.681250000000006,53.06625,53.6625,D3 Max 11–60V/13A: YES (current clip likely) | D2/D2 Max 11–60V/15A: YES (current clip likely) | D3 Ultra+ 11–60V/18A: YES | DP3 LV 11–60V/20A: YES | Delta Pro 11–150V/15A: YES (current clip likely) | DP3 HV 30–150V/15A: YES (current clip likely) | DPU Low 30–150V/15A: YES (current clip likely) | DPU High 80–450V/15A: needs ≥3S (max 8S) | DPU‑X High 80–500V/15A: needs ≥3S (max 9S),Voc@-25C,53.6625,1,6.337499999999999,6.337499999999999,2,42.675,96.3375,8,20.69999999999999,396.3375,9,17.037499999999966,446.3375,3,119.39999999999999,160.9875,3S–8S,3S–9S,1.0,1.0
EcoFlow,100W Flexible Solar Panel (ZMS330),Flexible,Monocrystalline silicon,100,20.3,17.1,5.9,6.3,,,,,,1055×612×25,2.3,From EcoFlow flexible panel product page.,EcoFlow 100W Flexible product page (Specs section),,0.0,,True,21.721,22.858,23.142,D3 Max 11–60V/13A: YES | D2/D2 Max 11–60V/15A: YES | D3 Ultra+ 11–60V/18A: YES | DP3 LV 11–60V/20A: YES | Delta Pro 11–150V/15A: YES | DP3 HV 30–150V/15A: NO | DPU Low 30–150V/15A: NO | DPU High 80–450V/15A: needs ≥5S (max 22S) | DPU‑X High 80–500V/15A: needs ≥5S (max 24S) | Note: Voc temperature coefficient missing → cold‑weather voltage margin unknown.,Voc@STC,20.3,2,19.4,39.7,7,7.900000000000006,129.7,22,3.3999999999999773,429.7,24,12.799999999999955,479.7,5,85.5,101.5,5S–22S,5S–24S,1.0,1.0
EcoFlow,100W Rigid Solar Panel (ZMS331 / LA-200WSP-Rigi kit),Rigid,Monocrystalline silicon,100,20.3,17.1,5.9,6.3,-0.39,-0.33,0.06,600.0,15.0,980×586×30,6.2,Mechanical + thermal specs from published spec tables; electrical values already set.,EcoFlow 100W Rigid spec table (ZMS331),6.0,1.0,Common rigid panel option in EcoFlow ecosystem.,False,21.97475,23.314550000000004,23.649500000000003,D3 Max 11–60V/13A: YES | D2/D2 Max 11–60V/15A: YES | D3 Ultra+ 11–60V/18A: YES | DP3 LV 11–60V/20A: YES | Delta Pro 11–150V/15A: YES | DP3 HV 30–150V/15A: NO | DPU Low 30–150V/15A: NO | DPU High 80–450V/15A: needs ≥5S (max 19S) | DPU‑X High 80–500V/15A: needs ≥5S (max 21S),Voc@-25C,23.649500000000003,2,12.700999999999993,36.3505,6,8.10299999999998,126.3505,19,0.6594999999999231,426.3505,21,3.360499999999945,476.3505,5,85.5,118.24750000000002,5S–19S,5S–21S,1.0,1.0
EcoFlow,110W Portable Solar Panel (EFSOLAR110N),"Portable, monocrystalline",Monocrystalline silicon,110,21.8,18.4,6.0,6.5,,,,,,Unfolded 1785×420×25; Folded 420×480×25 (per page),4.0,EcoFlow lists Voc with Vmp in parentheses and Isc with Imp in parentheses.,EcoFlow 110W product page,4.0,1.0,Common mid-size EcoFlow portable panel used with EcoFlow units.,True,23.326,24.547,24.852,D3 Max 11–60V/13A: YES | D2/D2 Max 11–60V/15A: YES | D3 Ultra+ 11–60V/18A: YES | DP3 LV 11–60V/20A: YES | Delta Pro 11–150V/15A: YES | DP3 HV 30–150V/15A: NO | DPU Low 30–150V/15A: NO | DPU High 80–450V/15A: needs ≥5S (max 20S) | DPU‑X High 80–500V/15A: needs ≥5S (max 22S) | Note: Voc temperature coefficient missing → cold‑weather voltage margin unknown.,Voc@STC,21.8,2,16.4,38.2,6,19.19999999999999,128.2,20,14.0,428.2,22,20.399999999999977,478.2,5,92.0,109.0,5S–20S,5S–22S,1.0,1.0
EcoFlow,125W Bifacial Modular Solar Panel,Modular bifacial,TOPCon monocrystalline silicon,125,50.0,43.0,3.0,3.2,,,,600.0,,612×1154×22,4.2,EcoFlow provides STC and BNPI (bifacial) ratings; STC values recorded in fields. Connector XT60. Bifaciality 80%±5%.,EcoFlow 125W bifacial modular product page (Specs section),5.0,1.0,"EcoFlow modular bifacial kit is promoted for expandable, parallel setups.",True,53.75,56.75,57.5,D3 Max 11–60V/13A: YES | D2/D2 Max 11–60V/15A: YES | D3 Ultra+ 11–60V/18A: YES | DP3 LV 11–60V/20A: YES | Delta Pro 11–150V/15A: YES | DP3 HV 30–150V/15A: YES | DPU Low 30–150V/15A: YES | DPU High 80–450V/15A: needs ≥2S (max 9S) | DPU‑X High 80–500V/15A: needs ≥2S (max 10S) | Note: Voc temperature coefficient missing → cold‑weather voltage margin unknown.,Voc@STC,50.0,1,10.0,10.0,3,0.0,100.0,9,0.0,400.0,10,0.0,450.0,2,86.0,100.0,2S–9S,2S–10S,1.0,1.0
EcoFlow,175W Rigid Solar Panel,Rigid,Monocrystalline silicon,175,29.5,25.4,7.85,9.7,-0.3,,,600.0,,1176×762×30,9.3,Electrical/dims/weight per EcoFlow product page; temp coefficient from reseller listing (EcoFlow EU/partner sites list -0.30%/°C).,EcoFlow 175W Rigid product page + reseller spec,,0.0,,True,31.565,33.217,33.63,D3 Max 11–60V/13A: YES | D2/D2 Max 11–60V/15A: YES | D3 Ultra+ 11–60V/18A: YES | DP3 LV 11–60V/20A: YES | Delta Pro 11–150V/15A: YES | DP3 HV 30–150V/15A: NO | DPU Low 30–150V/15A: NO | DPU High 80–450V/15A: needs ≥4S (max 15S) | DPU‑X High 80–500V/15A: needs ≥4S (max 16S) | Note: Voc temperature coefficient missing → cold‑weather voltage margin unknown.,Voc@STC,29.5,2,1.0,30.5,5,2.5,120.5,15,7.5,420.5,16,28.0,470.5,4,101.6,118.0,4S–15S,4S–16S,1.0,1.0
EcoFlow,200W Portable Solar Panel,"Portable, monofacial",Monocrystalline (cell type not fully specified),200,22.8,18.6,10.8,11.2,,,,,,,,Commonly shown in EcoFlow 'Solar Generator' bundles as 2×200W. Temperature coefficients/detailed mechanical specs weren’t published on the sources we could access.,allprogenerators.com / offgridstores.com EcoFlow 200W portable panel listings,,,,True,24.396,25.673,25.992,D3 Max 11–60V/13A: YES | D2/D2 Max 11–60V/15A: YES | D3 Ultra+ 11–60V/18A: YES | DP3 LV 11–60V/20A: YES | Delta Pro 11–150V/15A: YES | DP3 HV 30–150V/15A: NO | DPU Low 30–150V/15A: NO | DPU High 80–450V/15A: needs ≥5S (max 19S) | DPU‑X High 80–500V/15A: needs ≥5S (max 21S) | Note: Voc temperature coefficient missing → cold‑weather voltage margin unknown.,Voc@STC,22.8,2,14.399999999999999,37.2,6,13.199999999999989,127.2,19,16.80000000000001,427.2,21,21.19999999999999,477.2,5,93.0,114.0,5S–19S,5S–21S,1.0,1.0
EcoFlow,200W Rigid Solar Panel,"Rigid, monofacial",Monocrystalline,200,24.5,20.4,9.8,10.41,,,,600.0,,1477×668×30,12.5,Seen as add-on rigid panel option with EcoFlow portable power stations in US retailer bundles.,offgridstores.com EcoFlow 200W Rigid Solar Panel product listing,,,,True,26.215,27.587,27.93,D3 Max 11–60V/13A: YES | D2/D2 Max 11–60V/15A: YES | D3 Ultra+ 11–60V/18A: YES | DP3 LV 11–60V/20A: YES | Delta Pro 11–150V/15A: YES | DP3 HV 30–150V/15A: NO | DPU Low 30–150V/15A: NO | DPU High 80–450V/15A: needs ≥4S (max 18S) | DPU‑X High 80–500V/15A: needs ≥4S (max 20S) | Note: Voc temperature coefficient missing → cold‑weather voltage margin unknown.,Voc@STC,24.5,2,11.0,35.5,6,3.0,125.5,18,9.0,425.5,20,10.0,475.5,4,81.6,98.0,4S–18S,4S–20S,1.0,1.0
EcoFlow,220W Bifacial Portable Solar Panel (EFSOLAR220W / NextGen 220W),Portable bifacial,N-type TOPCon monocrystalline silicon (official),220,21.5,18.4,11.9,12.4,,,,,,Unfolded 615×2155×25; Folded 615×590×32,7.0,"Official NextGen spec: Rated Power 220W front / 175W rear. Rear-side Isc 9.9A, Imp 9.5A. Efficiency 25%. IP68.",EcoFlow US 'NextGen 220W Bifacial Portable Solar Panel' product page,2.0,1.0,Popular EcoFlow bifacial portable panel (NextGen 220W).,True,23.113,24.402,24.725,D3 Max 11–60V/13A: YES | D2/D2 Max 11–60V/15A: YES | D3 Ultra+ 11–60V/18A: YES | DP3 LV 11–60V/20A: YES | Delta Pro 11–150V/15A: YES | DP3 HV 30–150V/15A: NO | DPU Low 30–150V/15A: NO | DPU High 80–450V/15A: needs ≥5S (max 20S) | DPU‑X High 80–500V/15A: needs ≥5S (max 23S) | Note: Voc temperature coefficient missing → cold‑weather voltage margin unknown.,Voc@STC,21.5,2,17.0,38.5,6,21.0,128.5,20,20.0,428.5,23,5.5,478.5,5,92.0,107.5,5S–20S,5S–23S,1.0,1.0
EcoFlow,400W Portable Solar Panel (EFSOLAR400W),Portable,Monocrystalline silicon,400,48.0,41.0,9.8,11.0,,,,,,1068×2390×24,16.0,Rated Power 400W (±10W). Open Circuit Voltage 48V (Vmp 41V). Short Circuit Current 11A (Imp 9.8A). IP68. Weight w/ case ~19 kg.,EcoFlow 400W Portable Solar Panel specs (EcoFlow store snippet + reseller spec pages),1.0,1.0,Frequently purchased EcoFlow portable panel; commonly bundled/recommended for EcoFlow power stations.,True,51.36,54.048,54.72,D3 Max 11–60V/13A: YES | D2/D2 Max 11–60V/15A: YES | D3 Ultra+ 11–60V/18A: YES | DP3 LV 11–60V/20A: YES | Delta Pro 11–150V/15A: YES | DP3 HV 30–150V/15A: YES | DPU Low 30–150V/15A: YES | DPU High 80–450V/15A: needs ≥2S (max 9S) | DPU‑X High 80–500V/15A: needs ≥2S (max 10S) | Note: Voc temperature coefficient missing → cold‑weather voltage margin unknown.,Voc@STC,48.0,1,12.0,12.0,3,6.0,102.0,9,18.0,402.0,10,20.0,452.0,2,82.0,96.0,2S–9S,2S–10S,1.0,1.0
EcoFlow,400W Rigid Solar Panel (ZPTSP300),"Rigid, monofacial",Monocrystalline,400,37.1,31.0,12.9,13.79,-0.38,-0.35,0.06,1500.0,25.0,1722×1134×35,21.8,EcoFlow rigid module; ~23% efficiency; IP68. Sold in EcoFlow DPU‑X Solar Generator bundles as 4×400W rigid option; also sold retail as SKU ZPTSP300.,EcoFlow product page + OutboundPower SKU/spec listing,,0.0,,False,40.34625,42.94325,43.5925,D3 Max 11–60V/13A: YES | D2/D2 Max 11–60V/15A: YES | D3 Ultra+ 11–60V/18A: YES | DP3 LV 11–60V/20A: YES | Delta Pro 11–150V/15A: YES | DP3 HV 30–150V/15A: YES | DPU Low 30–150V/15A: YES | DPU High 80–450V/15A: needs ≥3S (max 10S) | DPU‑X High 80–500V/15A: needs ≥3S (max 11S),Voc@-25C,43.5925,1,16.4075,16.4075,3,19.222499999999997,106.4075,10,14.074999999999989,406.4075,11,20.48249999999996,456.4075,3,93.0,130.7775,3S–10S,3S–11S,1.0,1.0
EcoFlow,450W Rigid Solar Panel (EF-SG-M450-04 / EFSOLAR450W-2),"Rigid, monofacial",Monocrystalline,450,41.4,36.3,12.4,13.1,-0.38,-0.36,0.07,1500.0,25.0,1908×1134×30,22.4,Appears in EcoFlow rigid panel ecosystem; good match for EcoFlow MPPT ports (Voc well under 60V so 1S works on low-voltage inputs).,solareon.co.uk EcoFlow 450W Rigid Solar Panel specs; signatures from EcoFlow retail listings,,,,False,45.126000000000005,48.10679999999999,48.852,D3 Max 11–60V/13A: YES | D2/D2 Max 11–60V/15A: YES | D3 Ultra+ 11–60V/18A: YES | DP3 LV 11–60V/20A: YES | Delta Pro 11–150V/15A: YES | DP3 HV 30–150V/15A: YES | DPU Low 30–150V/15A: YES | DPU High 80–450V/15A: needs ≥3S (max 9S) | DPU‑X High 80–500V/15A: needs ≥3S (max 10S),Voc@-25C,48.852,1,11.148000000000003,11.148000000000003,3,3.444000000000017,101.148,9,10.33200000000005,401.148,10,11.480000000000018,451.148,3,108.89999999999999,146.55599999999998,3S–9S,3S–10S,1.0,1.0
EcoFlow,45W Portable Solar Panel,Portable,Monocrystalline silicon (EcoFlow lists as 'Cell Type'),45,25.6,22.0,1.98,2.06,,,,,,Unfolded 980×309×25; Folded 222×309×45,1.4,Includes DC5521 + USB-C output; STC ±5W. Efficiency up to 25%.,EcoFlow 45W product page (Specs Type-C),,0.0,,True,27.392,28.826,29.184,D3 Max 11–60V/13A: YES | D2/D2 Max 11–60V/15A: YES | D3 Ultra+ 11–60V/18A: YES | DP3 LV 11–60V/20A: YES | Delta Pro 11–150V/15A: YES | DP3 HV 30–150V/15A: NO | DPU Low 30–150V/15A: NO | DPU High 80–450V/15A: needs ≥4S (max 17S) | DPU‑X High 80–500V/15A: needs ≥4S (max 19S) | Note: Voc temperature coefficient missing → cold‑weather voltage margin unknown.,Voc@STC,25.6,2,8.799999999999997,34.4,5,22.0,124.4,17,14.799999999999955,424.4,19,13.599999999999966,474.4,4,88.0,102.4,4S–17S,4S–19S,1.0,1.0
EcoFlow,60W Solar Panel (EFSOLAR60),Portable,Monocrystalline silicon,60,21.6,18.2,3.3,3.5,,,,,,Unfolded 537×815×24; Folded 537×420×24 (approx),2.0,Specs vary by region/version; this row reflects the MC4 portable 60W version commonly sold as SOLAR60W/EFSOLAR60.,EcoFlow 60W specs (MC4 version) reseller spec table,,0.0,,True,23.112,24.322,24.624,D3 Max 11–60V/13A: YES | D2/D2 Max 11–60V/15A: YES | D3 Ultra+ 11–60V/18A: YES | DP3 LV 11–60V/20A: YES | Delta Pro 11–150V/15A: YES | DP3 HV 30–150V/15A: NO | DPU Low 30–150V/15A: NO | DPU High 80–450V/15A: needs ≥5S (max 20S) | DPU‑X High 80–500V/15A: needs ≥5S (max 23S) | Note: Voc temperature coefficient missing → cold‑weather voltage margin unknown.,Voc@STC,21.6,2,16.799999999999997,38.4,6,20.399999999999977,128.4,20,18.0,428.4,23,3.1999999999999886,478.4,5,91.0,108.0,5S–20S,5S–23S,1.0,1.0
EcoFlow,NextGen 160W Portable Solar Panel,Portable,N-type TOPCon monocrystalline,160,21.3,18.6,8.6,9.1,,,,,,Unfolded 600×1610×25; Folded 600×572×32,5.6,EcoFlow NextGen 160W specs.,EcoFlow NextGen 160W bundle page (Specs section),3.0,1.0,Popular EcoFlow portable panel size in EcoFlow community gear lists.,True,22.791,23.984,24.282,D3 Max 11–60V/13A: YES | D2/D2 Max 11–60V/15A: YES | D3 Ultra+ 11–60V/18A: YES | DP3 LV 11–60V/20A: YES | Delta Pro 11–150V/15A: YES | DP3 HV 30–150V/15A: NO | DPU Low 30–150V/15A: NO | DPU High 80–450V/15A: needs ≥5S (max 21S) | DPU‑X High 80–500V/15A: needs ≥5S (max 23S) | Note: Voc temperature coefficient missing → cold‑weather voltage margin unknown.,Voc@STC,21.3,2,17.4,38.7,7,0.9000000000000057,128.7,21,2.6999999999999886,428.7,23,10.099999999999966,478.7,5,93.0,106.5,5S–21S,5S–23S,1.0,1.0
HD Hyundai Energy Solutions,HiN-T640NJ,"Bifacial (BNPI rear gain), glass/glass","Premium N-type TOPCon, 156 half-cut cells (16BB)",640,57.77,47.74,13.41,14.06,-0.29,-0.25,0.043,1500.0,30.0,2465×1134×30,34.7,US Solar Supplier 640W listing (HiN-T640NJ). User sometimes refers to this as Samsung 640W; canonical manufacturer is HD Hyundai Energy Solutions.,US Solar Supplier product page: Hyundai 640W NJ Series N Type TOPCon Solar Panel HiN-T640NJ,,0.0,,False,61.380625,64.269125,64.99125000000001,D3 Max 11–60V/13A: NO | D2/D2 Max 11–60V/15A: NO | D3 Ultra+ 11–60V/18A: NO | DP3 LV 11–60V/20A: NO | Delta Pro 11–150V/15A: YES | DP3 HV 30–150V/15A: YES | DPU Low 30–150V/15A: YES | DPU High 80–450V/15A: needs ≥2S (max 6S) | DPU‑X High 80–500V/15A: needs ≥2S (max 7S),Voc@-25C,64.99125000000001,0,60.0,-4.991250000000008,2,20.017499999999984,85.00874999999999,6,60.05249999999995,385.00874999999996,7,45.06124999999997,435.00874999999996,2,95.48,129.98250000000002,2S–6S,2S–7S,1.0,1.0
HT-SAAE,HT72-18X (HT 550W Bifacial),Bifacial (dual glass),"Mono, 144 cells",550,50.2,41.9,13.13,13.91,-0.29,-0.23,0.046,1500.0,25.0,2278×1134×30,32.0,"Signature Solar listing provides Voc/Isc, dimensions; full STC electrical table + temp coefficients require the linked spec sheet PDF (ImageRelay download). Specs extracted from HT-SAAE datasheet. Specs extracted from HT-SAAE datasheet.",signaturesolar.com HT 550W product page,,,,False,53.08650000000001,55.3957,55.973000000000006,D3 Max 11–60V/13A: YES (current clip likely) | D2/D2 Max 11–60V/15A: YES | D3 Ultra+ 11–60V/18A: YES | DP3 LV 11–60V/20A: YES | Delta Pro 11–150V/15A: YES | DP3 HV 30–150V/15A: YES | DPU Low 30–150V/15A: YES | DPU High 80–450V/15A: needs ≥2S (max 8S) | DPU‑X High 80–500V/15A: needs ≥2S (max 8S),Voc@-25C,55.973000000000006,1,4.026999999999994,4.026999999999994,2,38.05399999999999,94.02699999999999,8,2.2159999999999513,394.027,8,52.21599999999995,444.027,2,83.8,111.94600000000001,2S–8S,2S–8S,1.0,1.0
JA Solar,JAM72D40-595/MB-US,"Bifacial, dual-glass","N-type TOPCon, half-cut (144 cells)",595,52.58,44.64,13.33,13.99,-0.29,-0.25,0.045,1500.0,30.0,2278×1134×30,31.8,Includes BNPI ratings; electrical values above are STC for 595W bin.,JA Solar JAM72D40-595/MB datasheet PDF (screenshots),,0.0,,False,55.86625,58.49525,59.1525,D3 Max 11–60V/13A: YES (current clip likely) | D2/D2 Max 11–60V/15A: YES | D3 Ultra+ 11–60V/18A: YES | DP3 LV 11–60V/20A: YES | Delta Pro 11–150V/15A: YES | DP3 HV 30–150V/15A: YES | DPU Low 30–150V/15A: YES | DPU High 80–450V/15A: needs ≥2S (max 7S) | DPU‑X High 80–500V/15A: needs ≥2S (max 8S),Voc@-25C,59.1525,1,0.8474999999999966,0.8474999999999966,2,31.694999999999993,90.8475,7,35.932500000000005,390.84749999999997,8,26.779999999999973,440.84749999999997,2,89.28,118.305,2S–7S,2S–8S,1.0,1.0
JJN Solar,400W N-Type Bifacial Solar Panel,"Rigid, bifacial","Monocrystalline silicon, N-type, 16BB",400,37,31.05,12.89,13.78,,,,1500,25,1722×1135×30.5,21.45,Specs from JJN product page; temp coefficients not provided; use conservative cold-weather design margin.,https://jjnsolar.com/products/400w-n-type-bifacial-solar-panel,,,User-reported deployed panel in EcoFlow setup (DPU low PV).,True,39.775,41.995,42.55,D3 Max 11–60V/13A: YES | D2/D2 Max 11–60V/15A: YES | D3 Ultra+ 11–60V/18A: YES | DP3 LV 11–60V/20A: YES | Delta Pro 11–150V/15A: YES | DP3 HV 30–150V/15A: YES | DPU Low 30–150V/15A: YES | DPU High 80–450V/15A: needs ≥3S (max 10S) | DPU‑X High 80–500V/15A: needs ≥3S (max 11S),Voc@STC,37,1,23,23,4,2,113,10,80,413,11,93,463,3,93.15,111,3S–10S,3S–11S,1,1
Jinko Solar,JKM460M-7RL3-TV (Jinko Eagle 460W Bifacial),Bifacial (Dual glass),"Mono, 156 half-cells",460,51.9,43.32,10.62,11.35,-0.35,-0.25,0.045,1500.0,20.0,2205×1032×40,26.5,Signature Solar listing provides Voc/Isc and dimensions; full STC electrical table + temp coefficients require the linked spec sheet PDF (ImageRelay download). Specs extracted from Jinko datasheet; verify cell chemistry (PERC vs TOPCon) if needed.,signaturesolar.com Jinko Eagle 460W product page,,,,False,55.14375,57.73875,58.3875,D3 Max 11–60V/13A: YES | D2/D2 Max 11–60V/15A: YES | D3 Ultra+ 11–60V/18A: YES | DP3 LV 11–60V/20A: YES | Delta Pro 11–150V/15A: YES | DP3 HV 30–150V/15A: YES | DPU Low 30–150V/15A: YES | DPU High 80–450V/15A: needs ≥2S (max 7S) | DPU‑X High 80–500V/15A: needs ≥2S (max 8S),Voc@-25C,58.3875,1,1.6124999999999972,1.6124999999999972,2,33.224999999999994,91.6125,7,41.287499999999966,391.6125,8,32.89999999999998,441.6125,2,86.64,116.775,2S–7S,2S–8S,1.0,1.0
Maxeon,SPR-MAX6-440,"Monofacial, glass/backsheet (IBC)","Monocrystalline IBC (Maxeon Gen 6), 66 cells",440,48.2,40.5,10.87,11.58,-0.29,-0.239,0.057,1000.0,20.0,1872×1032×40,20.9,Replaced unverified MAX5 row with official Maxeon 6 DC 440W datasheet values.,Maxeon 6 DC 425–440 W datasheet PDF (Publication date: March 2024).,9.0,1.0,Used by some EcoFlow owners as a premium third‑party panel.,False,51.07995,53.38391000000001,53.9599,D3 Max 11–60V/13A: YES | D2/D2 Max 11–60V/15A: YES | D3 Ultra+ 11–60V/18A: YES | DP3 LV 11–60V/20A: YES | Delta Pro 11–150V/15A: YES | DP3 HV 30–150V/15A: YES | DPU Low 30–150V/15A: YES | DPU High 80–450V/15A: needs ≥2S (max 8S) | DPU‑X High 80–500V/15A: needs ≥2S (max 9S),Voc@-25C,53.9599,1,6.0401000000000025,6.0401000000000025,2,42.080200000000005,96.0401,8,18.32080000000002,396.0401,9,14.360900000000015,446.0401,2,81.0,107.9198,2S–8S,2S–9S,1.0,1.0
Phono Solar,PS590M8GF-24/TNH,"Bifacial, dual-glass","N-type TOPCon, half-cut (144 cells)",590,52.58,44.63,13.22,14.33,-0.29,-0.25,0.045,1500.0,30.0,2278×1134×30,31.5,STC values for 590W bin.,Phono Solar PS590M8GF-24/TNH datasheet (parsed text),,0.0,,False,55.86625,58.49525,59.1525,D3 Max 11–60V/13A: YES (current clip likely) | D2/D2 Max 11–60V/15A: YES | D3 Ultra+ 11–60V/18A: YES | DP3 LV 11–60V/20A: YES | Delta Pro 11–150V/15A: YES | DP3 HV 30–150V/15A: YES | DPU Low 30–150V/15A: YES | DPU High 80–450V/15A: needs ≥2S (max 7S) | DPU‑X High 80–500V/15A: needs ≥2S (max 8S),Voc@-25C,59.1525,1,0.8474999999999966,0.8474999999999966,2,31.694999999999993,90.8475,7,35.932500000000005,390.84749999999997,8,26.779999999999973,440.84749999999997,2,89.26,118.305,2S–7S,2S–8S,1.0,1.0
Renogy,590W N-Type Bifacial (dual glass),"Bifacial, dual-glass",N-type (TOPCon family),590,52.63,43.71,13.5,14.13,-0.32,-0.26,0.046,1500.0,30.0,2278×1134×35,26.5,Values confirmed from Renogy RSP590DCT-144 datasheet (PDF).,Renogy RSP590DCT-144 datasheet PDF (Home Depot static PDF),,0.0,,False,56.05095,58.78771,59.4719,D3 Max 11–60V/13A: YES (current clip likely) | D2/D2 Max 11–60V/15A: YES | D3 Ultra+ 11–60V/18A: YES | DP3 LV 11–60V/20A: YES | Delta Pro 11–150V/15A: YES | DP3 HV 30–150V/15A: YES | DPU Low 30–150V/15A: YES | DPU High 80–450V/15A: needs ≥2S (max 7S) | DPU‑X High 80–500V/15A: needs ≥2S (max 8S),Voc@-25C,59.4719,1,0.528100000000002,0.528100000000002,2,31.056200000000004,90.5281,7,33.69670000000002,390.5281,8,24.224800000000016,440.5281,2,87.42,118.9438,2S–7S,2S–8S,1.0,1.0
Renogy,RSP450DT-120,"Monofacial, glass/backsheet","Mono PERC, 120 half-cut (6×20)",450,41.25,34.67,12.98,13.89,-0.35,-0.26,0.05,1500.0,30.0,1909×1134×35,23.1,Renogy 450W module electrical/thermal/physical specs pulled from datasheet PDF.,Renogy RSP450DT-120 datasheet PDF.,8.0,1.0,Mentioned by EcoFlow users as a higher-power third‑party rigid panel option.,False,43.93125,46.07625,46.6125,D3 Max 11–60V/13A: YES | D2/D2 Max 11–60V/15A: YES | D3 Ultra+ 11–60V/18A: YES | DP3 LV 11–60V/20A: YES | Delta Pro 11–150V/15A: YES | DP3 HV 30–150V/15A: YES | DPU Low 30–150V/15A: YES | DPU High 80–450V/15A: needs ≥3S (max 9S) | DPU‑X High 80–500V/15A: needs ≥3S (max 10S),Voc@-25C,46.6125,1,13.387500000000003,13.387500000000003,3,10.162500000000023,103.3875,9,30.48750000000001,403.3875,10,33.875,453.3875,3,104.01,139.83749999999998,3S–9S,3S–10S,1.0,1.0
Rich Solar,MEGA 250 (RS-M250),"Rigid, monofacial","Monocrystalline, 64 cells (182×91 mm)",250,22.8,18.9,13.2,13.7,-0.39,-0.29,0.05,1500.0,20.0,1540×760×30,12.2,Rich Solar MEGA 250 spec sheet. Appears as an option in Off Grid Stores EcoFlow DELTA Pro Ultra custom solar bundle page.,Rich Solar RS-M250 datasheet; OffGridStores DPU kit page,,0.0,,False,24.453,25.7754,26.106,D3 Max 11–60V/13A: YES (current clip likely) | D2/D2 Max 11–60V/15A: YES | D3 Ultra+ 11–60V/18A: YES | DP3 LV 11–60V/20A: YES | Delta Pro 11–150V/15A: YES | DP3 HV 30–150V/15A: NO | DPU Low 30–150V/15A: NO | DPU High 80–450V/15A: needs ≥5S (max 17S) | DPU‑X High 80–500V/15A: needs ≥5S (max 19S),Voc@-25C,26.106,2,7.787999999999997,33.894,5,19.47,123.894,17,6.197999999999979,423.894,19,3.98599999999999,473.894,5,94.5,130.53,5S–17S,5S–19S,1.0,1.0
Rich Solar,MEGA 335 PRO (RS-M335P),"Rigid, monofacial","Monocrystalline, 96 cells (210×70 mm)",335,36.9,29.2,11.5,11.8,-0.39,-0.29,0.05,1500.0,20.0,1760×880×30,15.9,Rich Solar MEGA 335 PRO datasheet. Appears as an option in Off Grid Stores EcoFlow DELTA Pro Ultra custom solar bundle page.,Rich Solar RS-M335P datasheet; OffGridStores DPU kit page,,0.0,,False,39.57525,41.71545,42.2505,D3 Max 11–60V/13A: YES | D2/D2 Max 11–60V/15A: YES | D3 Ultra+ 11–60V/18A: YES | DP3 LV 11–60V/20A: YES | Delta Pro 11–150V/15A: YES | DP3 HV 30–150V/15A: NO | DPU Low 30–150V/15A: NO | DPU High 80–450V/15A: needs ≥3S (max 10S) | DPU‑X High 80–500V/15A: needs ≥3S (max 11S),Voc@-25C,42.2505,1,17.749499999999998,17.749499999999998,3,23.248499999999993,107.7495,10,27.495000000000005,407.7495,11,35.24449999999996,457.7495,3,87.6,126.75150000000001,3S–10S,3S–11S,1.0,1.0
Rich Solar,MEGA 400 (RS-M400),"Rigid, monofacial","Monocrystalline, 108 cells (182×91 mm)",400,37.1,31.0,12.9,13.7,-0.34,-0.26,0.045,1500.0,25.0,1722×1134×30,20.5,Rich Solar MEGA 400 spec sheet (also covers 410W variant). Offered as a selectable panel bundle option with EcoFlow DELTA Pro Ultra kits by Off Grid Stores; also used in Outbound Power DPU 'Deluxe' kits.,Rich Solar RS-M400/410 datasheet; OffGridStores DPU kit page,,0.0,,False,39.5115,41.4407,41.923,D3 Max 11–60V/13A: YES | D2/D2 Max 11–60V/15A: YES | D3 Ultra+ 11–60V/18A: YES | DP3 LV 11–60V/20A: YES | Delta Pro 11–150V/15A: YES | DP3 HV 30–150V/15A: YES | DPU Low 30–150V/15A: YES | DPU High 80–450V/15A: needs ≥3S (max 10S) | DPU‑X High 80–500V/15A: needs ≥3S (max 11S),Voc@-25C,41.923,1,18.076999999999998,18.076999999999998,3,24.230999999999995,108.077,10,30.769999999999982,408.077,11,38.84699999999998,458.077,3,93.0,125.769,3S–10S,3S–11S,1.0,1.0
Runergy,HY-DH144N8-595,"Bifacial, dual-glass","N-type monocrystalline (TOPCon), 144 half-cells (182 mm)",595,52.58,44.64,13.33,13.93,-0.29,-0.25,0.045,1500.0,30.0,2278×1134×35,40.5,"Dual-glass (thicker/heavier); good cold-weather voltage headroom.; EcoFlow match: Imp 13.33A vs 15A limit; STC series limit ~8S (DPU 450V), ~9S (DPU‑X 500V).",US Solar Supplier product page; Runergy datasheet (via US Solar Supplier PDF),,0.0,,False,55.86625,58.49525,59.1525,D3 Max 11–60V/13A: YES (current clip likely) | D2/D2 Max 11–60V/15A: YES | D3 Ultra+ 11–60V/18A: YES | DP3 LV 11–60V/20A: YES | Delta Pro 11–150V/15A: YES | DP3 HV 30–150V/15A: YES | DPU Low 30–150V/15A: YES | DPU High 80–450V/15A: needs ≥2S (max 7S) | DPU‑X High 80–500V/15A: needs ≥2S (max 8S),Voc@-25C,59.1525,1,0.8474999999999966,0.8474999999999966,2,31.694999999999993,90.8475,7,35.932500000000005,390.84749999999997,8,26.779999999999973,440.84749999999997,2,89.28,118.305,2S–7S,2S–8S,1.0,1.0
Seraphim,"SRP-440-BTD-BG (Nebula, N-type bifacial)","Rigid, bifacial","N-type TOPCon, bifacial",440,39.72,33.35,13.2,14.11,-0.29,,,1500.0,25.0,1722×1134×30,24.2,From US Solar Supplier product page. Voc temp coefficient not listed in the snippet we captured.,ussolarsupplier.com Seraphim 440W product page (datasheet link on page),,,,True,42.699,45.082,45.678,D3 Max 11–60V/13A: YES (current clip likely) | D2/D2 Max 11–60V/15A: YES | D3 Ultra+ 11–60V/18A: YES | DP3 LV 11–60V/20A: YES | Delta Pro 11–150V/15A: YES | DP3 HV 30–150V/15A: YES | DPU Low 30–150V/15A: YES | DPU High 80–450V/15A: needs ≥3S (max 11S) | DPU‑X High 80–500V/15A: needs ≥3S (max 12S) | Note: Voc temperature coefficient missing → cold‑weather voltage margin unknown.,Voc@STC,39.72,1,20.28,20.28,3,30.840000000000003,110.28,11,13.080000000000041,410.28,12,23.360000000000014,460.28,3,100.05000000000001,119.16,3S–11S,3S–12S,1.0,1.0
ShopSolarKits (house/kit panel),200W Rigid Solar Panel (used in EcoFlow kits),Monofacial rigid,Mono (likely PERC),200,24.9,20.8,9.62,10.16,,,,,,1490×670×35,11.2,Great match for Delta 2 / Delta 2 Max / Delta 3 Max (low Voc & Isc). Two in series likely exceeds 60V Voc in cold—size strings carefully.,ShopSolarKits product page spec table,,,,True,26.643,28.037,28.386,D3 Max 11–60V/13A: YES | D2/D2 Max 11–60V/15A: YES | D3 Ultra+ 11–60V/18A: YES | DP3 LV 11–60V/20A: YES | Delta Pro 11–150V/15A: YES | DP3 HV 30–150V/15A: NO | DPU Low 30–150V/15A: NO | DPU High 80–450V/15A: needs ≥4S (max 18S) | DPU‑X High 80–500V/15A: needs ≥4S (max 20S) | Note: Voc temperature coefficient missing → cold‑weather voltage margin unknown.,Voc@STC,24.9,2,10.200000000000003,35.1,6,0.6000000000000227,125.1,18,1.8000000000000114,425.1,20,2.0,475.1,4,83.2,99.6,4S–18S,4S–20S,1.0,1.0
Silfab,SIL-530 XM (HC Bifacial),Bifacial (double glass),N-type (TOPCon) bifacial,530,47.74,41.05,12.91,13.71,-0.29,-0.24,0.04,1500.0,30.0,2098×1133×35,26.2,Single module stays within 60V Voc; Isc 13.71A (OK for Delta 2 / Delta 2 Max; exceeds Delta 3 Max 13A limit).,US Solar Supplier product page + Silfab datasheet,,,,False,50.604400000000005,52.89592,53.46880000000001,D3 Max 11–60V/13A: YES | D2/D2 Max 11–60V/15A: YES | D3 Ultra+ 11–60V/18A: YES | DP3 LV 11–60V/20A: YES | Delta Pro 11–150V/15A: YES | DP3 HV 30–150V/15A: YES | DPU Low 30–150V/15A: YES | DPU High 80–450V/15A: needs ≥2S (max 8S) | DPU‑X High 80–500V/15A: needs ≥2S (max 9S),Voc@-25C,53.46880000000001,1,6.531199999999991,6.531199999999991,2,43.06239999999998,96.53119999999998,8,22.24959999999993,396.5312,9,18.780799999999942,446.5312,2,82.1,106.93760000000002,2S–8S,2S–9S,1.0,1.0
SolarSpace,SS8-72HD-580N,"Bifacial, dual-glass","N-type TOPCon, half-cell",580,54.09,44.39,13.07,13.71,-0.29,-0.24,0.045,1500.0,30.0,2278×1134×30,31.8,Values from SolarSpace SS8-72HD-N family datasheet; 580N bin used.,SolarSpace SS8-72HD-N datasheet (parsed text),,0.0,,False,57.33540000000001,59.931720000000006,60.58080000000001,D3 Max 11–60V/13A: NO | D2/D2 Max 11–60V/15A: NO | D3 Ultra+ 11–60V/18A: NO | DP3 LV 11–60V/20A: NO | Delta Pro 11–150V/15A: YES | DP3 HV 30–150V/15A: YES | DPU Low 30–150V/15A: YES | DPU High 80–450V/15A: needs ≥2S (max 7S) | DPU‑X High 80–500V/15A: needs ≥2S (max 8S),Voc@-25C,60.58080000000001,0,60.0,-0.5808000000000106,2,28.83839999999998,89.41919999999999,7,25.934399999999926,389.4192,8,15.353599999999915,439.4192,2,88.78,121.16160000000002,2S–7S,2S–8S,1.0,1.0
Sunpro Power,SPDG550-144M10,Bifacial (dual-glass),"Monocrystalline PERC, half-cell (144)",550,49.9,41.96,13.11,14.0,-0.34,-0.275,0.04,1500.0,25.0,2279×1134×35,34.0,STC values from Sunpro datasheet.,Sunpro SPDG550-144M10 datasheet (parsed text),,0.0,,False,53.330625000000005,56.075125,56.76125,D3 Max 11–60V/13A: YES (current clip likely) | D2/D2 Max 11–60V/15A: YES | D3 Ultra+ 11–60V/18A: YES | DP3 LV 11–60V/20A: YES | Delta Pro 11–150V/15A: YES | DP3 HV 30–150V/15A: YES | DPU Low 30–150V/15A: YES | DPU High 80–450V/15A: needs ≥2S (max 7S) | DPU‑X High 80–500V/15A: needs ≥2S (max 8S),Voc@-25C,56.76125,1,3.238750000000003,3.238750000000003,2,36.477500000000006,93.23875000000001,7,52.67125000000004,393.23875,8,45.910000000000025,443.23875,2,83.92,113.5225,2S–7S,2S–8S,1.0,1.0
TW Solar (Tongwei),500W N-Type Bifacial (TWMNH-54HD500 family),"Bifacial, dual-glass","N-type TOPCon, half-cell",500,40.06,33.7,14.84,15.89,-0.28,-0.24,0.046,1500.0,30.0,1961×1134×30,26.5,Values from Tongwei/TW Solar 500–520W 108-half-cell bifacial datasheet; 500W bin shown.,TW Solar (Tongwei) 500–520W datasheet (parsed text),,0.0,,False,42.46360000000001,44.386480000000006,44.8672,D3 Max 11–60V/13A: YES (current clip likely) | D2/D2 Max 11–60V/15A: YES | D3 Ultra+ 11–60V/18A: YES | DP3 LV 11–60V/20A: YES | Delta Pro 11–150V/15A: YES | DP3 HV 30–150V/15A: YES | DPU Low 30–150V/15A: YES | DPU High 80–450V/15A: needs ≥3S (max 10S) | DPU‑X High 80–500V/15A: needs ≥3S (max 11S),Voc@-25C,44.8672,1,15.132800000000003,15.132800000000003,3,15.39840000000001,105.1328,10,1.3280000000000314,405.1328,11,6.460800000000063,455.1328,3,101.10000000000001,134.6016,3S–10S,3S–11S,1.0,1.0
Thornova Solar,TS-BGT66(620)-G11,"Bifacial, dual-glass","N-type monocrystalline, 132 cells (182×210 mm)",620,49.6,41.22,15.03,15.92,-0.29,-0.28,0.04,1500.0,30.0,2382×1134×35,32.5,"Tier 1 (per retailer); bifaciality 80%±10; very near EcoFlow 15A limit.; EcoFlow match: Imp 15.03A slightly >15A limit (expect minor current clipping); STC series limit ~9S (DPU 450V), ~10S (DPU‑X 500V).",US Solar Supplier product page; Thornova TS-BGT66(600-620)-G11 datasheet (via US Solar Supplier PDF),,0.0,,False,53.072,55.84960000000001,56.54400000000001,D3 Max 11–60V/13A: YES (current clip likely) | D2/D2 Max 11–60V/15A: YES (current clip likely) | D3 Ultra+ 11–60V/18A: YES | DP3 LV 11–60V/20A: YES | Delta Pro 11–150V/15A: YES (current clip likely) | DP3 HV 30–150V/15A: YES (current clip likely) | DPU Low 30–150V/15A: YES (current clip likely) | DPU High 80–450V/15A: needs ≥2S (max 7S) | DPU‑X High 80–500V/15A: needs ≥2S (max 8S),Voc@-25C,56.54400000000001,1,3.455999999999989,3.455999999999989,2,36.91199999999998,93.45599999999999,7,54.191999999999894,393.456,8,47.64799999999991,443.456,2,82.44,113.08800000000002,2S–7S,2S–8S,1.0,1.0
Trina Solar,TSM-425NE09RC.05,Bifacial (transparent backsheet),"N-type i-TOPCon monocrystalline, 144 cells (1/3 cut)",425,51.4,43.2,9.84,10.47,-0.29,-0.24,0.04,1500.0,25.0,1762×1134×30,21.3,Verified against Trina Vertex S+ NE09RC.05 datasheet (2024).,Trina Solar Vertex S+ NE09RC.05 datasheet PDF (2024).,10.0,1.0,Trina Vertex S+ modules appear in EcoFlow community installs.,False,54.484,56.9512,57.568000000000005,D3 Max 11–60V/13A: YES | D2/D2 Max 11–60V/15A: YES | D3 Ultra+ 11–60V/18A: YES | DP3 LV 11–60V/20A: YES | Delta Pro 11–150V/15A: YES | DP3 HV 30–150V/15A: YES | DPU Low 30–150V/15A: YES | DPU High 80–450V/15A: needs ≥2S (max 7S) | DPU‑X High 80–500V/15A: needs ≥2S (max 8S),Voc@-25C,57.568000000000005,1,2.431999999999995,2.431999999999995,2,34.86399999999999,92.43199999999999,7,47.023999999999944,392.432,8,39.45599999999996,442.432,2,86.4,115.13600000000001,2S–7S,2S–8S,1.0,1.0
Trina Solar,TSM-NEG19RC.20 (605W bin),"Bifacial, dual-glass","N-type i-TOPCon monocrystalline, 132 cells",605,48.7,40.5,14.94,15.83,-0.3,-0.24,0.04,1500.0,35.0,2384×1134×30,33.1,"High-tier utility-scale module; bifaciality ~80%±5.; EcoFlow match: Imp 14.94A vs 15A limit; STC series limit ~9S (DPU 450V), ~10S (DPU‑X 500V).",US Solar Supplier product page; Trina datasheet (via US Solar Supplier PDF),,0.0,,False,51.62200000000001,53.95960000000001,54.54400000000001,D3 Max 11–60V/13A: YES (current clip likely) | D2/D2 Max 11–60V/15A: YES | D3 Ultra+ 11–60V/18A: YES | DP3 LV 11–60V/20A: YES | Delta Pro 11–150V/15A: YES | DP3 HV 30–150V/15A: YES | DPU Low 30–150V/15A: YES | DPU High 80–450V/15A: needs ≥2S (max 8S) | DPU‑X High 80–500V/15A: needs ≥2S (max 9S),Voc@-25C,54.54400000000001,1,5.455999999999989,5.455999999999989,2,40.91199999999998,95.45599999999999,8,13.64799999999991,395.456,9,9.103999999999928,445.456,2,81.0,109.08800000000002,2S–8S,2S–9S,1.0,1.0
Trina Solar,"TSM-NEG19RC.20 (Vertex N 615W, bifacial)","Rigid, bifacial","N-type i-TOPCon, bifacial (dual glass)",615,50.3,42.5,14.48,15.34,-0.29,,,1500.0,30.0,2382×1134×30,32.1,From US Solar Supplier product page. Voc temp coefficient not listed in the snippet we captured.,ussolarsupplier.com Trina 615W product page (datasheet link on page),,,,True,54.072,57.09,57.845,D3 Max 11–60V/13A: YES (current clip likely) | D2/D2 Max 11–60V/15A: YES | D3 Ultra+ 11–60V/18A: YES | DP3 LV 11–60V/20A: YES | Delta Pro 11–150V/15A: YES | DP3 HV 30–150V/15A: YES | DPU Low 30–150V/15A: YES | DPU High 80–450V/15A: needs ≥2S (max 8S) | DPU‑X High 80–500V/15A: needs ≥2S (max 9S) | Note: Voc temperature coefficient missing → cold‑weather voltage margin unknown.,Voc@STC,50.3,1,9.700000000000003,9.700000000000003,2,49.400000000000006,99.7,8,47.60000000000002,399.7,9,47.30000000000001,449.7,2,85.0,100.6,2S–8S,2S–9S,1.0,1.0
Trina Solar,TSM-NEG9RC.27 (435W bin),"Bifacial, dual-glass","Monocrystalline, 144 cells (Vertex S+ bifacial dual glass)",435,51.8,43.6,9.99,10.64,-0.3,-0.24,0.04,1500.0,25.0,1762×1134×30,21.1,"High-quality, more rooftop-friendly size; connectors MC4 EVO2/TS4 (datasheet note).; EcoFlow match: Imp 9.99A vs 15A limit; STC series limit ~8S (DPU 450V), ~9S (DPU‑X 500V).",Signature Solar product page; Trina Vertex S+ datasheet,,0.0,,False,54.908,57.394400000000005,58.016000000000005,D3 Max 11–60V/13A: YES | D2/D2 Max 11–60V/15A: YES | D3 Ultra+ 11–60V/18A: YES | DP3 LV 11–60V/20A: YES | Delta Pro 11–150V/15A: YES | DP3 HV 30–150V/15A: YES | DPU Low 30–150V/15A: YES | DPU High 80–450V/15A: needs ≥2S (max 7S) | DPU‑X High 80–500V/15A: needs ≥2S (max 8S),Voc@-25C,58.016000000000005,1,1.9839999999999947,1.9839999999999947,2,33.96799999999999,91.984,7,43.88799999999998,391.984,8,35.87199999999996,441.984,2,87.2,116.03200000000001,2S–7S,2S–8S,1.0,1.0
VSUN,VSUN595N-144BMH-DG,"Bifacial, dual-glass","N-type TOPCon monocrystalline, 144 half-cells",595,52.69,44.71,13.31,13.98,-0.29,-0.24,0.05,1500.0,30.0,2278×1134×35,32.7,"Made/assembled in USA (per retailer listing); bifaciality 80%±10.; EcoFlow match: Imp 13.31A vs 15A limit; STC series limit ~8S (DPU 450V), ~9S (DPU‑X 500V).",US Solar Supplier product page; VSUN datasheet (via US Solar Supplier PDF),,0.0,,False,55.8514,58.38052,59.012800000000006,D3 Max 11–60V/13A: YES (current clip likely) | D2/D2 Max 11–60V/15A: YES | D3 Ultra+ 11–60V/18A: YES | DP3 LV 11–60V/20A: YES | Delta Pro 11–150V/15A: YES | DP3 HV 30–150V/15A: YES | DPU Low 30–150V/15A: YES | DPU High 80–450V/15A: needs ≥2S (max 7S) | DPU‑X High 80–500V/15A: needs ≥2S (max 8S),Voc@-25C,59.012800000000006,1,0.9871999999999943,0.9871999999999943,2,31.97439999999999,90.9872,7,36.91039999999998,390.9872,8,27.897599999999954,440.9872,2,89.42,118.02560000000001,2S–7S,2S–8S,1.0,1.0
ZNShine,ZXM7-UHLDD108 (ZNShine 440W Bifacial),Bifacial (double glass),N-type TOPCon mono (108 half-cells),440,38.8,32.3,13.63,14.39,-0.3,-0.25,0.046,1500.0,30.0,1722×1134×30,24.5,"Signature Solar listing provides Voc/Isc, dimensions, weight. Full STC table + temp coefficients are in the linked spec sheet PDF (ImageRelay download).",signaturesolar.com ZNShine 440W pallet/product page,,,,False,41.225,43.165,43.65,D3 Max 11–60V/13A: YES (current clip likely) | D2/D2 Max 11–60V/15A: YES | D3 Ultra+ 11–60V/18A: YES | DP3 LV 11–60V/20A: YES | Delta Pro 11–150V/15A: YES | DP3 HV 30–150V/15A: YES | DPU Low 30–150V/15A: YES | DPU High 80–450V/15A: needs ≥3S (max 10S) | DPU‑X High 80–500V/15A: needs ≥3S (max 11S),Voc@-25C,43.65,1,16.35,16.35,3,19.05000000000001,106.35,10,13.5,406.35,11,19.850000000000023,456.35,3,96.89999999999999,130.95,3S–10S,3S–11S,1.0,1.0
DOKIO,FBA-DSP400M,"Rigid, monofacial",Monocrystalline,400,37,31,12.9,13.78,,,,1500,25,,,ASIN B0DMSM7CPP; listing indicates 31V mono module; electrical values from listing-family spec,https://www.amazon.com/dp/B0DMSM7CPP,,,Amazon's Choice and category rank signal,True,39.59,41.662,42.18,D3 Max 11-60V/13A: YES | D2/D2 Max 11-60V/15A: YES | D3 Ultra+ 11-60V/18A: YES | DP3 LV 11-60V/20A: YES | Delta Pro 11-150V/15A: YES | DP3 HV 30-150V/15A: YES | DPU Low 30-150V/15A: YES | DPU High 80-450V/15A: needs ≥3S (max 10S) | DPU-X High 80-500V/15A: needs ≥3S (max 11S),Voc@-25C,42.18,1,17.82,17.82,3,23.46,107.82,10,28.2,407.82,11,36.02,457.82,3,93,126.54,3S-10S,3S-11S,1.0,1.0
EPOCH,Epoch-400SPP-1-N,"Rigid, bifacial","N-Type, Class A",400,37,31,12.9,13.78,,,,1500,25,,,ASIN B0FBS11363; model Epoch-400SPP-1-N from listing mirror; electrical values conservatively estimated,https://www.amazon.com/dp/B0FBS11363,,,,estimated_from_listing_family,39.775,41.995,42.55,D3 Max 11-60V/13A: YES | D2/D2 Max 11-60V/15A: YES | D3 Ultra+ 11-60V/18A: YES | DP3 LV 11-60V/20A: YES | Delta Pro 11-150V/15A: YES | DP3 HV 30-150V/15A: YES | DPU Low 30-150V/15A: YES | DPU High 80-450V/15A: needs ≥3S (max 10S) | DPU-X High 80-500V/15A: needs ≥3S (max 11S),Voc@-25C,42.55,1,17.45,17.45,3,22.35,107.45,10,24.5,407.45,11,31.95,457.45,3,93,127.65,3S-10S,3S-11S,1.0,1.0
ECO-Baeerss,1820 400W N-Type (B0FMRNKR35),"Rigid, monofacial",N-Type,400,37,31,12.9,13.78,,,,1500,25,,,ASIN B0FMRNKR35; single panel listing; model 1820; electrical values conservatively estimated,https://www.amazon.com/dp/B0FMRNKR35,,,,estimated_from_listing_family,39.59,41.662,42.18,D3 Max 11-60V/13A: YES | D2/D2 Max 11-60V/15A: YES | D3 Ultra+ 11-60V/18A: YES | DP3 LV 11-60V/20A: YES | Delta Pro 11-150V/15A: YES | DP3 HV 30-150V/15A: YES | DPU Low 30-150V/15A: YES | DPU High 80-450V/15A: needs ≥3S (max 10S) | DPU-X High 80-500V/15A: needs ≥3S (max 11S),Voc@-25C,42.18,1,17.82,17.82,3,23.46,107.82,10,28.2,407.82,11,36.02,457.82,3,93,126.54,3S-10S,3S-11S,1.0,1.0
Recom,400W Monocrystalline (B0CWJH5Y9S),"Rigid, monofacial",Monocrystalline,400,37,31,12.9,13.78,,,,1500,25,,,ASIN B0CWJH5Y9S; standalone 400W module listing; electrical values conservatively estimated,https://www.amazon.com/dp/B0CWJH5Y9S,,,,estimated_from_listing_family,39.59,41.662,42.18,D3 Max 11-60V/13A: YES | D2/D2 Max 11-60V/15A: YES | D3 Ultra+ 11-60V/18A: YES | DP3 LV 11-60V/20A: YES | Delta Pro 11-150V/15A: YES | DP3 HV 30-150V/15A: YES | DPU Low 30-150V/15A: YES | DPU High 80-450V/15A: needs ≥3S (max 10S) | DPU-X High 80-500V/15A: needs ≥3S (max 11S),Voc@-25C,42.18,1,17.82,17.82,3,23.46,107.82,10,28.2,407.82,11,36.02,457.82,3,93,126.54,3S-10S,3S-11S,1.0,1.0
BougeRV,Bifacial 400W 10BB Rigid (ISE240),"Rigid, bifacial",Monocrystalline 10BB,400,37.1,31,12.9,13.79,,,,1500,25,,,"BougeRV official specs from 800W kit page (2x400W, SKU ISE240)",https://www.bougerv.com/products/800-watt-rigid-bifacial-10bb-solar-panel,,,,official_bougerv_specs,39.883,42.108,42.665,D3 Max 11-60V/13A: YES | D2/D2 Max 11-60V/15A: YES | D3 Ultra+ 11-60V/18A: YES | DP3 LV 11-60V/20A: YES | Delta Pro 11-150V/15A: YES | DP3 HV 30-150V/15A: YES | DPU Low 30-150V/15A: YES | DPU High 80-450V/15A: needs ≥3S (max 10S) | DPU-X High 80-500V/15A: needs ≥3S (max 11S),Voc@-25C,42.665,1,17.335,17.335,3,22.005,107.335,10,23.35,407.335,11,30.685,457.335,3,93,127.995,3S-10S,3S-11S,1.0,1.0
BougeRV,300W 12BB Mono Bifacial (ISE239),"Rigid, bifacial",Monocrystalline 12BB,300,40.7,34.8,8.62,9.64,,,,1500,15,,,BougeRV official product specifications,https://www.bougerv.com/products/300w-12bb-mono-bifaical-solar-panel,,,,official_bougerv_specs,43.752,46.195,46.805,D3 Max 11-60V/13A: YES | D2/D2 Max 11-60V/15A: YES | D3 Ultra+ 11-60V/18A: YES | DP3 LV 11-60V/20A: YES | Delta Pro 11-150V/15A: YES | DP3 HV 30-150V/15A: YES | DPU Low 30-150V/15A: YES | DPU High 80-450V/15A: needs ≥3S (max 9S) | DPU-X High 80-500V/15A: needs ≥3S (max 10S),Voc@-25C,46.805,1,13.195,13.195,3,9.585,103.195,9,28.755,403.195,10,31.95,453.195,3,104.4,140.415,3S-9S,3S-10S,1.0,1.0
BougeRV,N-Type 300W Rigid Bifacial 16BB (ISE239N),"Rigid, bifacial","N-Type, 16BB",300,44.2,37.6,8.13,8.9,,,,1500,20,,,BougeRV official product specifications,https://www.bougerv.com/products/300-watt-n-type-rigid-bifacial-16bb-mono-solar-panel,,,,official_bougerv_specs,47.515,50.167,50.83,D3 Max 11-60V/13A: YES | D2/D2 Max 11-60V/15A: YES | D3 Ultra+ 11-60V/18A: YES | DP3 LV 11-60V/20A: YES | Delta Pro 11-150V/15A: YES | DP3 HV 30-150V/15A: YES | DPU Low 30-150V/15A: YES | DPU High 80-450V/15A: needs ≥3S (max 8S) | DPU-X High 80-500V/15A: needs ≥3S (max 9S),Voc@-25C,50.83,1,9.17,9.17,2,48.34,99.17,8,43.36,399.17,9,42.53,449.17,3,112.8,152.49,3S-8S,3S-9S,1.0,1.0
SunGoldPower,370W Mono Black PERC UL61730,"Rigid, monofacial",Mono PERC half-cut,370,,,,,,-0.30,,,,,From SunGoldPower product listing; full STC electrical table not surfaced in crawled content,https://sungoldpower.com/products/370w-mono-black-solar-panel,,,,,False,,D3 Max 11-60V/13A: YES | D2/D2 Max 11-60V/15A: YES | D3 Ultra+ 11-60V/18A: YES | DP3 LV 11-60V/20A: YES | Delta Pro 11-150V/15A: YES | DP3 HV 30-150V/15A: YES | DPU Low 30-150V/15A: YES | DPU High 80-450V/15A: needs series layout | DPU-X High 80-500V/15A: needs series layout,,,,,,,,,,,,,,,,,,,,,,,
Aptos Solar,DNA-108-BF10-410W,"Rigid, bifacial",Monocrystalline split-cell PERC,410,37.67,,,13.11,,,,,,,,Signature Solar listing (Aptos 410W bifacial),https://signaturesolar.com/aptos-410w-bifacial-solar-panels-black-up-to-513w-with-bifacial-gain-dna-108-bf10-410/,,,,True,40.495,42.755,D3 Max 11-60V/13A: YES | D2/D2 Max 11-60V/15A: YES | D3 Ultra+ 11-60V/18A: YES | DP3 LV 11-60V/20A: YES | Delta Pro 11-150V/15A: YES | DP3 HV 30-150V/15A: YES | DPU Low 30-150V/15A: YES | DPU High 80-450V/15A: needs ≥3S | DPU-X High 80-500V/15A: needs ≥3S,D3 Max 11-60V/13A: YES (current clip likely) | D2/D2 Max 11-60V/15A: YES | D3 Ultra+ 11-60V/18A: YES | DP3 LV 11-60V/20A: YES | Delta Pro 11-150V/15A: YES | DP3 HV 30-150V/15A: YES | DPU Low 30-150V/15A: YES | DPU High 80-450V/15A: needs >=3S (max 10S) | DPU-X High 80-500V/15A: needs >=3S (max 11S),Voc@-25C,43.32,1,16.68,16.68,3,20.039,106.68,10,16.795,406.68,11,23.475,456.68,,,,,,,
Aptos Solar,DNA-108-MF10-415W,"Rigid, monofacial",Monocrystalline,415,37.41,,,13.92,,,,,,,,Signature Solar listing (Aptos 415W monofacial),https://signaturesolar.com/aptos-410w-pallet-of-monofacial-solar-panels-31-panels/,,,,True,40.029,42.124,D3 Max 11-60V/13A: YES (current clip likely) | D2/D2 Max 11-60V/15A: YES | D3 Ultra+ 11-60V/18A: YES | DP3 LV 11-60V/20A: YES | Delta Pro 11-150V/15A: YES | DP3 HV 30-150V/15A: YES | DPU Low 30-150V/15A: YES | DPU High 80-450V/15A: needs ≥3S | DPU-X High 80-500V/15A: needs ≥3S,D3 Max 11-60V/13A: YES (current clip likely) | D2/D2 Max 11-60V/15A: YES | D3 Ultra+ 11-60V/18A: YES | DP3 LV 11-60V/20A: YES | Delta Pro 11-150V/15A: YES | DP3 HV 30-150V/15A: YES | DPU Low 30-150V/15A: YES | DPU High 80-450V/15A: needs >=3S (max 10S) | DPU-X High 80-500V/15A: needs >=3S (max 11S),Voc@-25C,42.647,1,17.353,17.353,3,22.058,107.353,10,23.526,407.353,11,30.879,457.353,,,,,,,
CW Energy,CWT410-108PMB10 410Wp,"Rigid, bifacial",Monocrystalline,410,37.09,,,14.07,,,,,,,,Signature Solar listing (CW Energy 410W bifacial),https://signaturesolar.com/cw-energy-410w-bifacial-solar-panel/,,,,True,39.872,42.097,D3 Max 11-60V/13A: YES (current clip likely) | D2/D2 Max 11-60V/15A: YES | D3 Ultra+ 11-60V/18A: YES | DP3 LV 11-60V/20A: YES | Delta Pro 11-150V/15A: YES | DP3 HV 30-150V/15A: YES | DPU Low 30-150V/15A: YES | DPU High 80-450V/15A: needs ≥3S | DPU-X High 80-500V/15A: needs ≥3S,D3 Max 11-60V/13A: YES (current clip likely) | D2/D2 Max 11-60V/15A: YES | D3 Ultra+ 11-60V/18A: YES | DP3 LV 11-60V/20A: YES | Delta Pro 11-150V/15A: YES | DP3 HV 30-150V/15A: YES | DPU Low 30-150V/15A: YES | DPU High 80-450V/15A: needs >=3S (max 10S) | DPU-X High 80-500V/15A: needs >=3S (max 11S),Voc@-25C,42.654,1,17.346,17.346,3,22.039,107.346,10,23.465,407.346,11,30.811,457.346,,,,,,,
Runergy,HY-DH108P8 (Hyperion 405W),"Rigid, bifacial",Monocrystalline,405,37.28,,,13.87,,,,,,,,Signature Solar listing (Hyperion by Runergy 405W),https://signaturesolar.com/runergy-405w-bifacial-solar-panel/,,,,True,40.076,42.313,D3 Max 11-60V/13A: YES (current clip likely) | D2/D2 Max 11-60V/15A: YES | D3 Ultra+ 11-60V/18A: YES | DP3 LV 11-60V/20A: YES | Delta Pro 11-150V/15A: YES | DP3 HV 30-150V/15A: YES | DPU Low 30-150V/15A: YES | DPU High 80-450V/15A: needs ≥3S | DPU-X High 80-500V/15A: needs ≥3S,D3 Max 11-60V/13A: YES (current clip likely) | D2/D2 Max 11-60V/15A: YES | D3 Ultra+ 11-60V/18A: YES | DP3 LV 11-60V/20A: YES | Delta Pro 11-150V/15A: YES | DP3 HV 30-150V/15A: YES | DPU Low 30-150V/15A: YES | DPU High 80-450V/15A: needs >=3S (max 10S) | DPU-X High 80-500V/15A: needs >=3S (max 11S),Voc@-25C,42.872,1,17.128,17.128,3,21.384,107.128,10,21.28,407.128,11,28.408,457.128,,,,,,,
Peimar,DR10H500M (FB),"Rigid, monofacial",Mono PERC,500,45.45,,,13.93,,,,,,,,Signature Solar listing (Peimar 500W Mono PERC),https://signaturesolar.com/peimar-500w-mono-perc-solar-panel/,,,,True,48.632,51.177,D3 Max 11-60V/13A: YES (current clip likely) | D2/D2 Max 11-60V/15A: YES | D3 Ultra+ 11-60V/18A: YES | DP3 LV 11-60V/20A: YES | Delta Pro 11-150V/15A: YES | DP3 HV 30-150V/15A: YES | DPU Low 30-150V/15A: YES | DPU High 80-450V/15A: needs ≥2S | DPU-X High 80-500V/15A: needs ≥2S,D3 Max 11-60V/13A: YES (current clip likely) | D2/D2 Max 11-60V/15A: YES | D3 Ultra+ 11-60V/18A: YES | DP3 LV 11-60V/20A: YES | Delta Pro 11-150V/15A: YES | DP3 HV 30-150V/15A: YES | DPU Low 30-150V/15A: YES | DPU High 80-450V/15A: needs >=2S (max 8S) | DPU-X High 80-500V/15A: needs >=2S (max 9S),Voc@-25C,51.813,1,8.187,8.187,2,46.374,98.187,8,35.496,398.187,9,33.683,448.187,,,,,,,
Jinko Solar,JKM390M-72HL-V,"Rigid, monofacial",Mono PERC half-cell,390,48.6,39.64,9.84,10.46,-0.35,-0.29,0.048,1500,20,,,US Solar Supplier listing with full STC electrical table,https://ussolarsupplier.com/products/jinko-jkm390m-72hl-v-390w-black-on-black-144-half-cell-mono-solar-panel,,,,False,52.123,54.942,D3 Max 11-60V/13A: YES | D2/D2 Max 11-60V/15A: YES | D3 Ultra+ 11-60V/18A: YES | DP3 LV 11-60V/20A: YES | Delta Pro 11-150V/15A: YES | DP3 HV 30-150V/15A: YES | DPU Low 30-150V/15A: YES | DPU High 80-450V/15A: needs ≥2S | DPU-X High 80-500V/15A: needs ≥2S,D3 Max 11-60V/13A: YES | D2/D2 Max 11-60V/15A: YES | D3 Ultra+ 11-60V/18A: YES | DP3 LV 11-60V/20A: YES | Delta Pro 11-150V/15A: YES | DP3 HV 30-150V/15A: YES | DPU Low 30-150V/15A: YES | DPU High 80-450V/15A: needs >=3S (max 8S) | DPU-X High 80-500V/15A: needs >=3S (max 8S),Voc@-25C,55.647,1,4.353,4.353,2,38.706,94.353,8,4.824,394.353,8,54.824,444.353,3,118.92,166.941,3S-8S,3S-8S,1.0,1.0
Silfab,SIL-420-QD 108,"Rigid, monofacial",N-Type TOPCon,420,38.5,32.2,13.05,11.34,-0.30,,,,25,,,US Solar Supplier listing with STC electrical table,https://ussolarsupplier.com/products/silfab-420w-solar-panel-108-cell-all-black-sil-420-qd,,,,True,41.195,43.351,D3 Max 11-60V/13A: YES (near limit) | D2/D2 Max 11-60V/15A: YES | D3 Ultra+ 11-60V/18A: YES | DP3 LV 11-60V/20A: YES | Delta Pro 11-150V/15A: YES | DP3 HV 30-150V/15A: YES | DPU Low 30-150V/15A: YES | DPU High 80-450V/15A: needs ≥3S | DPU-X High 80-500V/15A: needs ≥3S,D3 Max 11-60V/13A: YES (current clip likely) | D2/D2 Max 11-60V/15A: YES | D3 Ultra+ 11-60V/18A: YES | DP3 LV 11-60V/20A: YES | Delta Pro 11-150V/15A: YES | DP3 HV 30-150V/15A: YES | DPU Low 30-150V/15A: YES | DPU High 80-450V/15A: needs >=3S (max 10S) | DPU-X High 80-500V/15A: needs >=3S (max 11S),Voc@-25C,43.89,1,16.11,16.11,3,18.33,106.11,10,11.1,406.11,11,17.21,456.11,3,96.6,131.67,3S-10S,3S-11S,1.0,1.0
Hanwha Qcells,Q.PEAK DUO BLK ML-G10+ 410W,"Rigid, monofacial",Monocrystalline,410,45.31,38.48,10.65,11.11,-0.34,-0.27,0.04,1000,,,US Solar Supplier listing with STC electrical table,https://ussolarsupplier.com/products/hanwha-qcells-q-peak-duo-blk-ml-g10-410w-132-cells-mono-solar-panel,,,,,False,48.368,D3 Max 11-60V/13A: YES | D2/D2 Max 11-60V/15A: YES | D3 Ultra+ 11-60V/18A: YES | DP3 LV 11-60V/20A: YES | Delta Pro 11-150V/15A: YES | DP3 HV 30-150V/15A: YES | DPU Low 30-150V/15A: YES | DPU High 80-450V/15A: needs ≥3S | DPU-X High 80-500V/15A: needs ≥3S,51.427,D3 Max 11-60V/13A: YES | D2/D2 Max 11-60V/15A: YES | D3 Ultra+ 11-60V/18A: YES | DP3 LV 11-60V/20A: YES | Delta Pro 11-150V/15A: YES | DP3 HV 30-150V/15A: YES | DPU Low 30-150V/15A: YES | DPU High 80-450V/15A: needs >=3S (max 8S) | DPU-X High 80-500V/15A: needs >=3S (max 9S),Voc@-25C,51.427,1,8.573,8.573,2,47.146,98.573,8,38.585,398.573,9,37.158,448.573,3,115.44,154.281,3S-8S,3S-9S,1.0,1.0
SunGoldPower,SG370WM 370W Mono Black PERC,"Rigid, monofacial",Mono PERC half-cut,370,40.17,33.2,11.15,11.81,,,,1500,,1606x1134x35,18.96,SunGoldPower product specification table,https://sungoldpower.com/products/370w-mono-black-solar-panel,,,,True,42.982,45.231,45.794,D3 Max 11-60V/13A: YES | D2/D2 Max 11-60V/15A: YES | D3 Ultra+ 11-60V/18A: YES | DP3 LV 11-60V/20A: YES | Delta Pro 11-150V/15A: YES | DP3 HV 30-150V/15A: YES | DPU Low 30-150V/15A: YES | DPU High 80-450V/15A: needs >=3S (max 11S) | DPU-X High 80-500V/15A: needs >=3S (max 11S),Voc@-25C,45.794,1,14.206,14.206,3,12.619,104.206,9,37.856,404.206,10,42.062,454.206,3,99.6,137.381,3S-9S,3S-10S,1.0,1.0
SunGoldPower,SG415WM 415W Mono Black PERC,"Rigid, monofacial",Mono PERC half-cut,415,38.32,31.11,13.34,14.09,,,,1500,,1722x1133x35,20.77,SunGoldPower product specification table,https://sungoldpower.com/products/415w-mono-black-perc-solar-panel-full-pallet-32-panels,,,,True,41.002,43.148,43.685,D3 Max 11-60V/13A: YES | D2/D2 Max 11-60V/15A: YES | D3 Ultra+ 11-60V/18A: YES | DP3 LV 11-60V/20A: YES | Delta Pro 11-150V/15A: YES | DP3 HV 30-150V/15A: YES | DPU Low 30-150V/15A: YES | DPU High 80-450V/15A: needs >=3S (max 11S) | DPU-X High 80-500V/15A: needs >=3S (max 11S),Voc@-25C,43.685,1,16.315,16.315,3,18.946,106.315,10,13.152,406.315,11,19.467,456.315,3,93.33,131.054,3S-10S,3S-11S,1.0,1.0
SunGoldPower,SG500WM 500W Mono Black PERC,"Rigid, monofacial",Mono PERC half-cut,500,44.36,37.60,13.30,14.09,,,,1500,,2094x1134x35,25.49,SunGoldPower product specification table,https://sungoldpower.com/products/500w-mono-black-perc-solar-panel-full-pallet-32-panels,,,,True,47.465,49.949,50.57,D3 Max 11-60V/13A: YES | D2/D2 Max 11-60V/15A: YES | D3 Ultra+ 11-60V/18A: YES | DP3 LV 11-60V/20A: YES | Delta Pro 11-150V/15A: YES | DP3 HV 30-150V/15A: YES | DPU Low 30-150V/15A: YES | DPU High 80-450V/15A: needs >=3S (max 10S) | DPU-X High 80-500V/15A: needs >=3S (max 10S),Voc@-25C,50.57,1,9.43,9.43,2,48.859,99.43,8,45.437,399.43,9,44.866,449.43,3,112.8,151.711,3S-8S,3S-9S,1.0,1.0
Trina Solar,TSM-NEG9RC.27 435W Vertex Bifacial,"Rigid, bifacial",N-Type i-TOPCon,435,51.8,,,10.64,,,,1500,,1754x1096x30,,Signature Solar listing fields (SKU 1400086),https://signaturesolar.com/trina-vertex-435w-bifacial-solar-panel/,,,,True,55.685,58.793,59.57,D3 Max 11-60V/13A: YES | D2/D2 Max 11-60V/15A: YES | D3 Ultra+ 11-60V/18A: YES | DP3 LV 11-60V/20A: YES | Delta Pro 11-150V/15A: YES | DP3 HV 30-150V/15A: YES | DPU Low 30-150V/15A: YES | DPU High 80-450V/15A: needs >=2S (max 8S) | DPU-X High 80-500V/15A: needs >=2S (max 8S),Voc@-25C,59.57,1,0.43,0.43,2,30.86,90.43,7,33.01,390.43,8,23.44,440.43,,,,,,,
Trina Solar,TSM-NE09RC.05 390W Vertex Bifacial,"Rigid, bifacial",Monocrystalline,390,48.40,,,10.22,,,,1500,,1762x1134x30,,Signature Solar listing fields (SKU 1400097),https://signaturesolar.com/trina-vertex-390w-bifacial-solar-panel/,,,,True,52.03,54.934,55.66,D3 Max 11-60V/13A: YES | D2/D2 Max 11-60V/15A: YES | D3 Ultra+ 11-60V/18A: YES | DP3 LV 11-60V/20A: YES | Delta Pro 11-150V/15A: YES | DP3 HV 30-150V/15A: YES | DPU Low 30-150V/15A: YES | DPU High 80-450V/15A: needs >=2S (max 9S) | DPU-X High 80-500V/15A: needs >=2S (max 9S),Voc@-25C,55.66,1,4.34,4.34,2,38.68,94.34,8,4.72,394.34,8,54.72,444.34,,,,,,,
Runergy,HY-DH108P8B 400W Hyperion Bifacial,"Rigid, bifacial",Monocrystalline,400,37.07,,,13.79,,,,,,1722x1134x30,,Signature Solar listing fields (SKU 1548006),https://signaturesolar.com/hyperion-by-runergy-400w-bifacial-solar-panel-up-to-500w-with-bifacial-gain/,,,,True,39.85,42.074,42.63,D3 Max 11-60V/13A: YES | D2/D2 Max 11-60V/15A: YES | D3 Ultra+ 11-60V/18A: YES | DP3 LV 11-60V/20A: YES | Delta Pro 11-150V/15A: YES | DP3 HV 30-150V/15A: YES | DPU Low 30-150V/15A: YES | DPU High 80-450V/15A: needs >=3S (max 11S) | DPU-X High 80-500V/15A: needs >=3S (max 11S),Voc@-25C,42.63,1,17.37,17.37,3,22.109,107.37,10,23.695,407.37,11,31.065,457.37,,,,,,,
Qcells,Q.TRON BLK M-G2.H+ 430 DCA,"Rigid, monofacial",N-type Q.ANTUM NEO,430,39.32,32.94,13.05,13.74,-0.30,,,1000,25,1722x1133x30,21.18,US Solar Supplier specifications table,https://ussolarsupplier.com/products/q-tron-blk-m-g2-h-430-dca,,,,True,42.072,44.274,44.825,D3 Max 11-60V/13A: YES | D2/D2 Max 11-60V/15A: YES | D3 Ultra+ 11-60V/18A: YES | DP3 LV 11-60V/20A: YES | Delta Pro 11-150V/15A: YES | DP3 HV 30-150V/15A: YES | DPU Low 30-150V/15A: YES | DPU High 80-450V/15A: needs >=3S (max 11S) | DPU-X High 80-500V/15A: needs >=3S (max 11S),Voc@-25C,44.825,1,15.175,15.175,3,15.526,105.175,10,1.752,405.175,11,6.927,455.175,3,98.82,134.474,3S-10S,3S-11S,1.0,1.0
Seraphim,SRP-410-BMD-HV 410W,"Rigid, monofacial",Monocrystalline PERC,410,37.50,31.43,13.05,13.94,-0.34,-0.26,0.05,1500,30,1722x1134x30,21.5,US Solar Supplier specifications table,https://ussolarsupplier.com/products/seraphim-410w-seco-perc-mono-solar-panel-srp-410-bmd-hv,,,,False,39.938,41.888,42.375,D3 Max 11-60V/13A: YES | D2/D2 Max 11-60V/15A: YES | D3 Ultra+ 11-60V/18A: YES | DP3 LV 11-60V/20A: YES | Delta Pro 11-150V/15A: YES | DP3 HV 30-150V/15A: YES | DPU Low 30-150V/15A: YES | DPU High 80-450V/15A: needs >=3S (max 11S) | DPU-X High 80-500V/15A: needs >=3S (max 11S),Voc@-25C,42.375,1,17.625,17.625,3,22.875,107.625,10,26.25,407.625,11,33.875,457.625,3,94.29,127.125,3S-10S,3S-11S,1.0,1.0
Heliene,144HC M10 NTYP SL 580W,"Rigid, bifacial",N-Type Monocrystalline,580,51.65,43.62,13.32,14.10,-0.30,,,1500,30,2279x1134x35,29.16,US Solar Supplier specifications table,https://ussolarsupplier.com/products/heliene-580w-144hc-m10-ntyp-sl-bifacial-solar-panel-domestic-content,,,,True,55.524,58.623,59.397,D3 Max 11-60V/13A: YES | D2/D2 Max 11-60V/15A: YES | D3 Ultra+ 11-60V/18A: YES | DP3 LV 11-60V/20A: YES | Delta Pro 11-150V/15A: YES | DP3 HV 30-150V/15A: YES | DPU Low 30-150V/15A: YES | DPU High 80-450V/15A: needs >=2S (max 8S) | DPU-X High 80-500V/15A: needs >=2S (max 8S),Voc@-25C,59.397,1,0.603,0.603,2,31.205,90.603,7,34.218,390.603,8,24.82,440.603,2,87.24,118.795,2S-7S,2S-8S,1.0,1.0
CW Energy,CWT410-108PMFB10 410W Mono All Black,"Rigid, monofacial",Monocrystalline PERC half-cut,410,37.50,31.50,13.02,13.85,,,,1500,,,,US Solar Supplier product specification table,https://ussolarsupplier.com/products/cw-energy-410w-mono-all-black-solar-panel-cwt410-108pmfb10,,,,True,40.125,42.225,42.75,D3 Max 11-60V/13A: YES | D2/D2 Max 11-60V/15A: YES | D3 Ultra+ 11-60V/18A: YES | DP3 LV 11-60V/20A: YES | Delta Pro 11-150V/15A: YES | DP3 HV 30-150V/15A: YES | DPU Low 30-150V/15A: YES | DPU High 80-450V/15A: needs >=3S (max 11S) | DPU-X High 80-500V/15A: needs >=3S (max 11S),Voc@-25C,42.75,1,17.25,17.25,3,21.75,107.25,10,22.5,407.25,11,29.75,457.25,3,94.5,128.25,3S-10S,3S-11S,1.0,1.0
Renogy,RNG-175D-R,Rigid framed,Monocrystalline PERC,175,24.3,20.3,8.62,9.21,-0.37,-0.30,0.05,1000,15,1480x670x35,10.5,Odd-size baseline for lower-power 24V-class rigid module; useful for non-400W recommendation diversity.,Renogy datasheet/product page,,0,,False,26.122,27.581,27.945,D3 Max 11-60V/13A: YES | D2/D2 Max 11-60V/15A: YES | D3 Ultra+ 11-60V/18A: YES | DP3 LV 11-60V/20A: YES | Delta Pro 11-150V/15A: YES | DP3 HV 30-150V/15A: NO | DPU Low 30-150V/15A: NO | DPU High 80-450V/15A: needs >=4S (max 16S) | DPU-X High 80-500V/15A: needs >=4S (max 17S),Voc@-25C,27.945,2,4.11,32.055,5,10.275,122.055,16,2.88,422.055,17,24.935,472.055,4,81.2,111.78,4S-16S,4S-17S,1.0,1.0
BougeRV,Yuma 215W N-Type Bifacial,Rigid framed bifacial,N-Type TOPCon bifacial,215,26.9,22.6,9.51,10.10,-0.30,-0.24,0.04,1000,20,1570x760x30,12.9,Odd-size 215W profile with relatively high current for its voltage; distinguishable from 200/220W classes.,BougeRV product page,,0,,False,28.514,29.805,30.128,D3 Max 11-60V/13A: YES | D2/D2 Max 11-60V/15A: YES | D3 Ultra+ 11-60V/18A: YES | DP3 LV 11-60V/20A: YES | Delta Pro 11-150V/15A: YES | DP3 HV 30-150V/15A: NO | DPU Low 30-150V/15A: NO | DPU High 80-450V/15A: needs >=4S (max 14S) | DPU-X High 80-500V/15A: needs >=4S (max 16S),Voc@-25C,30.128,1,29.872,29.872,4,29.488,119.872,14,28.208,419.872,16,17.952,469.872,4,90.4,120.512,4S-14S,4S-16S,1.0,1.0
Qcells,Q.PEAK DUO-G5 325,Rigid framed,Monocrystalline PERC half-cell,325,40.3,33.8,9.62,10.17,-0.36,-0.28,0.04,1000,20,1670x1000x32,18.5,325W residential module class for broader odd-watt recommendation coverage.,Qcells datasheet,,0,,False,43.121,45.378,45.942,D3 Max 11-60V/13A: YES | D2/D2 Max 11-60V/15A: YES | D3 Ultra+ 11-60V/18A: YES | DP3 LV 11-60V/20A: YES | Delta Pro 11-150V/15A: YES | DP3 HV 30-150V/15A: YES | DPU Low 30-150V/15A: YES | DPU High 80-450V/15A: needs >=3S (max 9S) | DPU-X High 80-500V/15A: needs >=3S (max 10S),Voc@-25C,45.942,1,14.058,14.058,3,12.174,104.058,9,36.522,404.058,10,40.58,454.058,3,101.4,137.826,3S-9S,3S-10S,1.0,1.0
REC,REC390AA Alpha,Rigid framed,HJT monocrystalline,390,45.1,37.6,10.38,10.92,-0.26,-0.24,0.05,1000,25,1721x1016x30,19.5,390W entry with low temperature sensitivity to separate from other 390W fingerprints.,REC Alpha datasheet,,0,,False,47.806,49.971,50.512,D3 Max 11-60V/13A: YES | D2/D2 Max 11-60V/15A: YES | D3 Ultra+ 11-60V/18A: YES | DP3 LV 11-60V/20A: YES | Delta Pro 11-150V/15A: YES | DP3 HV 30-150V/15A: YES | DPU Low 30-150V/15A: YES | DPU High 80-450V/15A: needs >=3S (max 8S) | DPU-X High 80-500V/15A: needs >=3S (max 9S),Voc@-25C,50.512,1,9.488,9.488,2,48.976,99.488,8,45.904,399.488,9,45.392,449.488,3,112.8,151.536,3S-8S,3S-9S,1.0,1.0
LONGi,LR5-54HPH-410M,Rigid framed,Monocrystalline PERC,410,37.2,31.3,13.10,13.85,-0.35,-0.28,0.05,1500,25,1722x1134x30,21.5,High-current 410W class variant; intentionally distinguishable vs higher-voltage 410W panels.,LONGi datasheet,,0,,False,39.804,41.887,42.408,D3 Max 11-60V/13A: YES (current clip likely) | D2/D2 Max 11-60V/15A: YES | D3 Ultra+ 11-60V/18A: YES | DP3 LV 11-60V/20A: YES | Delta Pro 11-150V/15A: YES | DP3 HV 30-150V/15A: YES | DPU Low 30-150V/15A: YES | DPU High 80-450V/15A: needs >=3S (max 10S) | DPU-X High 80-500V/15A: needs >=3S (max 11S),Voc@-25C,42.408,1,17.592,17.592,3,22.776,107.592,10,25.92,407.592,11,33.512,457.592,3,93.9,127.224,3S-10S,3S-11S,1.0,1.0
JA Solar,JAM54D40-435/MB,Rigid framed bifacial,N-Type TOPCon bifacial,435,39.4,33.2,13.10,13.82,-0.30,-0.24,0.04,1500,25,1762x1134x30,22.0,435W high-current TOPCon variant for odd-size diversity and separable fingerprint.,JA Solar datasheet,,0,,False,41.764,43.655,44.128,D3 Max 11-60V/13A: YES (current clip likely) | D2/D2 Max 11-60V/15A: YES | D3 Ultra+ 11-60V/18A: YES | DP3 LV 11-60V/20A: YES | Delta Pro 11-150V/15A: YES | DP3 HV 30-150V/15A: YES | DPU Low 30-150V/15A: YES | DPU High 80-450V/15A: needs >=3S (max 10S) | DPU-X High 80-500V/15A: needs >=3S (max 11S),Voc@-25C,44.128,1,15.872,15.872,3,17.616,105.872,10,8.72,405.872,11,14.592,455.872,3,99.6,132.384,3S-10S,3S-11S,1.0,1.0
Risen Energy,RSM132-8-475BMDG,Rigid framed bifacial,Monocrystalline bifacial,475,52.6,44.0,10.80,11.45,-0.34,-0.27,0.05,1500,20,2094x1038x35,26.5,475W large-format bifacial module; fills odd-size high-power gap below 500W class.,Risen Energy datasheet,,0,,False,56.15,58.991,59.701,D3 Max 11-60V/13A: YES | D2/D2 Max 11-60V/15A: YES | D3 Ultra+ 11-60V/18A: YES | DP3 LV 11-60V/20A: YES | Delta Pro 11-150V/15A: YES | DP3 HV 30-150V/15A: YES | DPU Low 30-150V/15A: YES | DPU High 80-450V/15A: needs >=2S (max 7S) | DPU-X High 80-500V/15A: needs >=2S (max 8S),Voc@-25C,59.701,1,0.299,0.299,2,30.598,90.299,7,32.093,390.299,8,22.392,440.299,2,88,119.402,2S-7S,2S-8S,1.0,1.0
